id;title;description;created
1;back up;../fake-data/blob/hipster.txt;2020-12-21T09:52:25
2;Money Market Account;../fake-data/blob/hipster.txt;2020-12-21T03:58:49
3;embrace;../fake-data/blob/hipster.txt;2020-12-21T22:42:33
4;Branding indexing National;../fake-data/blob/hipster.txt;2020-12-21T04:29:34
5;Bedfordshire paradigm Investment Account;../fake-data/blob/hipster.txt;2020-12-21T15:09:03
6;multimedia architect;../fake-data/blob/hipster.txt;2020-12-21T21:59:40
7;South Carolina;../fake-data/blob/hipster.txt;2020-12-21T20:24:15
8;forecast;../fake-data/blob/hipster.txt;2020-12-21T14:59:06
9;Buckinghamshire orange Director;../fake-data/blob/hipster.txt;2020-12-21T15:49:03
10;pink mobile;../fake-data/blob/hipster.txt;2020-12-21T15:05:39
