id;title;description;image;image_content_type;height;width;taken;uploaded
1;ADP Mountain Metal;../fake-data/blob/hipster.txt;../fake-data/blob/hipster.png;image/png;96762;29391;2020-12-21T04:02:15;2020-12-21T16:56:36
2;haptic European Unit of Account 9(E.U.A.-9);../fake-data/blob/hipster.txt;../fake-data/blob/hipster.png;image/png;94646;91521;2020-12-21T23:52:57;2020-12-21T04:10:26
3;Ergonomic;../fake-data/blob/hipster.txt;../fake-data/blob/hipster.png;image/png;52434;48877;2020-12-21T23:46:23;2020-12-22T01:27:25
4;deposit Borders Cambridgeshire;../fake-data/blob/hipster.txt;../fake-data/blob/hipster.png;image/png;10417;17002;2020-12-21T21:54:21;2020-12-21T11:23:13
5;neural compress;../fake-data/blob/hipster.txt;../fake-data/blob/hipster.png;image/png;2629;57552;2020-12-21T11:32:49;2020-12-21T06:45:36
6;Architect;../fake-data/blob/hipster.txt;../fake-data/blob/hipster.png;image/png;56390;95468;2020-12-21T09:35:24;2020-12-21T11:33:48
7;seize;../fake-data/blob/hipster.txt;../fake-data/blob/hipster.png;image/png;84740;96062;2020-12-21T23:23:07;2020-12-21T04:19:58
8;clear-thinking;../fake-data/blob/hipster.txt;../fake-data/blob/hipster.png;image/png;51077;92865;2020-12-22T00:46:43;2020-12-21T04:13:16
9;Djibouti Franc Human;../fake-data/blob/hipster.txt;../fake-data/blob/hipster.png;image/png;45824;48239;2020-12-21T16:47:03;2020-12-21T07:32:36
10;withdrawal;../fake-data/blob/hipster.txt;../fake-data/blob/hipster.png;image/png;16357;73368;2020-12-21T18:22:11;2020-12-22T01:42:30
